{
    "8f23f934-cbbe-48df-93c7-1f0b4cfb1f1c": 1.8E7,
    "0ea07f1a-28ff-491c-8569-ca689fcae58a": 2899999.0,
    "c783b465-cb5d-40cc-b0c1-85e3e81a5528": 2899999.0,
    "3f264808-8553-4fa9-8480-08847eb5f4c0": 2899999.0,
    "38283eb4-26fe-4241-a77f-d11d565ab972": 2799999.0,
    "fc2031a4-110d-4889-8f07-8900a0f4d361": 1990000.0,
    "e979ace9-6eaf-4b02-bcf2-d13e5c18b4e4": 4.876E7,
    "846e8c09-0ce2-4106-8883-9dd50628be80": 1.6988888E7,
    "e341de08-c998-496a-be7e-7318f682251a": 2300000.0,
    "759964f2-117c-4239-8ad4-eca7ede9ba6b": 6.4999998E7,
    "15b0cc86-bff6-4a53-b364-dec1dc72d8a8": 1800000.0,
    "2ba58226-a212-4214-a7c9-20cedd71e81d": 2100000.0,
    "47897b0d-cc07-4086-960e-92e5f22fc2d7": 2100000.0,
    "8d73af56-4e03-446f-956e-66bc48838cbf": 2949999.0,
    "652eaeec-7d0c-47c9-b33c-b04f873a474a": 2200000.0,
    "d80ba774-957d-4b5e-a802-605f6ba01f7a": 100000.0,
    "af465899-24ce-48ad-8044-a34306084e3f": 19000.0,
    "b7f91163-b1c4-4d81-92dd-2c2667418482": 4200000.0,
    "e2454106-5c65-4892-a898-252b17adde4e": 1550000.0,
    "e2cb9d59-c0e1-48a1-b2ed-a8a4b945c4b3": 5.6E7,
    "8ce91a84-d17d-4bab-9738-77c625d69be9": 1.2E7
}